<bot_botcomponentset>
  <bot_botcomponent botcomponentid.schemaname="new_customtype_9e5bf14c50d64fcc8ffef0191e2c16ba_92610204747047ac8f788f7eecd91118" botid.schemaname="new_bot_9e5bf14c50d64fcc8ffef0191e2c16ba">
    <iscustomizable>1</iscustomizable>
  </bot_botcomponent>
  <bot_botcomponent botcomponentid.schemaname="new_customtype_9e5bf14c50d64fcc8ffef0191e2c16ba_f86fcadfd497444e91ed11c12b059d10" botid.schemaname="new_bot_9e5bf14c50d64fcc8ffef0191e2c16ba">
    <iscustomizable>1</iscustomizable>
  </bot_botcomponent>
  <bot_botcomponent botcomponentid.schemaname="new_topic_17db1de9bdb44723a8f77b11e8da179c" botid.schemaname="new_bot_9e5bf14c50d64fcc8ffef0191e2c16ba">
    <iscustomizable>1</iscustomizable>
  </bot_botcomponent>
  <bot_botcomponent botcomponentid.schemaname="new_topic_2b6c9321226045b8a3ecae75880866ed" botid.schemaname="new_bot_9e5bf14c50d64fcc8ffef0191e2c16ba">
    <iscustomizable>1</iscustomizable>
  </bot_botcomponent>
  <bot_botcomponent botcomponentid.schemaname="new_topic_2d2e9ce7fcb24ad0996fc7ec015c2521" botid.schemaname="new_bot_9e5bf14c50d64fcc8ffef0191e2c16ba">
    <iscustomizable>1</iscustomizable>
  </bot_botcomponent>
  <bot_botcomponent botcomponentid.schemaname="new_topic_3398378841be4d01be35e8082b7edff5" botid.schemaname="new_bot_9e5bf14c50d64fcc8ffef0191e2c16ba">
    <iscustomizable>1</iscustomizable>
  </bot_botcomponent>
  <bot_botcomponent botcomponentid.schemaname="new_topic_3dc16bc41bf14431a1cf295749633d7d" botid.schemaname="new_bot_9e5bf14c50d64fcc8ffef0191e2c16ba">
    <iscustomizable>1</iscustomizable>
  </bot_botcomponent>
  <bot_botcomponent botcomponentid.schemaname="new_topic_4029c389c1d0485e9ca0fb8656ed5144" botid.schemaname="new_bot_9e5bf14c50d64fcc8ffef0191e2c16ba">
    <iscustomizable>1</iscustomizable>
  </bot_botcomponent>
  <bot_botcomponent botcomponentid.schemaname="new_topic_7c085cf1438645a6abab83e6f182ea4a" botid.schemaname="new_bot_9e5bf14c50d64fcc8ffef0191e2c16ba">
    <iscustomizable>1</iscustomizable>
  </bot_botcomponent>
  <bot_botcomponent botcomponentid.schemaname="new_topic_7c86d7e35b6540999fb7edcd7332bda4" botid.schemaname="new_bot_9e5bf14c50d64fcc8ffef0191e2c16ba">
    <iscustomizable>1</iscustomizable>
  </bot_botcomponent>
  <bot_botcomponent botcomponentid.schemaname="new_topic_8b922fdebbeb4d56a03fbc0a566538cc" botid.schemaname="new_bot_9e5bf14c50d64fcc8ffef0191e2c16ba">
    <iscustomizable>1</iscustomizable>
  </bot_botcomponent>
  <bot_botcomponent botcomponentid.schemaname="new_topic_9664005e36cb4cf7b62cae72ed47052a" botid.schemaname="new_bot_9e5bf14c50d64fcc8ffef0191e2c16ba">
    <iscustomizable>1</iscustomizable>
  </bot_botcomponent>
  <bot_botcomponent botcomponentid.schemaname="new_topic_9e5bf14c50d64fcc8ffef0191e2c16ba_3d2584ec30914684839527e05e7be172_thankyou" botid.schemaname="new_bot_9e5bf14c50d64fcc8ffef0191e2c16ba">
    <iscustomizable>1</iscustomizable>
  </bot_botcomponent>
  <bot_botcomponent botcomponentid.schemaname="new_topic_9e5bf14c50d64fcc8ffef0191e2c16ba_8a4964498f83424bb3a86295bf7d0952_startover" botid.schemaname="new_bot_9e5bf14c50d64fcc8ffef0191e2c16ba">
    <iscustomizable>1</iscustomizable>
  </bot_botcomponent>
  <bot_botcomponent botcomponentid.schemaname="new_topic_9e5bf14c50d64fcc8ffef0191e2c16ba_954135cafcd647eaae5999ad91fc08cf_talktoagent" botid.schemaname="new_bot_9e5bf14c50d64fcc8ffef0191e2c16ba">
    <iscustomizable>1</iscustomizable>
  </bot_botcomponent>
  <bot_botcomponent botcomponentid.schemaname="new_topic_9e5bf14c50d64fcc8ffef0191e2c16ba_aeabea4d071f415c8c107e1cb7af5424_assumedsuccess" botid.schemaname="new_bot_9e5bf14c50d64fcc8ffef0191e2c16ba">
    <iscustomizable>1</iscustomizable>
  </bot_botcomponent>
  <bot_botcomponent botcomponentid.schemaname="new_topic_9e5bf14c50d64fcc8ffef0191e2c16ba_ba7b967c97ba4c39bca58a8bb6a72d59_conversationstart" botid.schemaname="new_bot_9e5bf14c50d64fcc8ffef0191e2c16ba">
    <iscustomizable>1</iscustomizable>
  </bot_botcomponent>
  <bot_botcomponent botcomponentid.schemaname="new_topic_9e5bf14c50d64fcc8ffef0191e2c16ba_d2198a5ee41a48a5bf70ab8970145a9f_confirmedfailure" botid.schemaname="new_bot_9e5bf14c50d64fcc8ffef0191e2c16ba">
    <iscustomizable>1</iscustomizable>
  </bot_botcomponent>
  <bot_botcomponent botcomponentid.schemaname="new_topic_9e5bf14c50d64fcc8ffef0191e2c16ba_db1f76b081dc43389df9dd2df7518737_confirmedsuccess" botid.schemaname="new_bot_9e5bf14c50d64fcc8ffef0191e2c16ba">
    <iscustomizable>1</iscustomizable>
  </bot_botcomponent>
  <bot_botcomponent botcomponentid.schemaname="new_topic_9e5bf14c50d64fcc8ffef0191e2c16ba_f56d1a3e522740c78f9fac0939332dbd_goodbye" botid.schemaname="new_bot_9e5bf14c50d64fcc8ffef0191e2c16ba">
    <iscustomizable>1</iscustomizable>
  </bot_botcomponent>
  <bot_botcomponent botcomponentid.schemaname="new_topic_ab8e953e594a4806a0d144e7bff666e1" botid.schemaname="new_bot_9e5bf14c50d64fcc8ffef0191e2c16ba">
    <iscustomizable>1</iscustomizable>
  </bot_botcomponent>
  <bot_botcomponent botcomponentid.schemaname="new_topic_bb8e7113dea341869c00a5cfb6570747" botid.schemaname="new_bot_9e5bf14c50d64fcc8ffef0191e2c16ba">
    <iscustomizable>1</iscustomizable>
  </bot_botcomponent>
  <bot_botcomponent botcomponentid.schemaname="new_topic_eda9da802e6f480daf38e787eb8f1889" botid.schemaname="new_bot_9e5bf14c50d64fcc8ffef0191e2c16ba">
    <iscustomizable>1</iscustomizable>
  </bot_botcomponent>
  <bot_botcomponent botcomponentid.schemaname="new_topic_f0646b0740354648ab81394e2c5d187f" botid.schemaname="new_bot_9e5bf14c50d64fcc8ffef0191e2c16ba">
    <iscustomizable>1</iscustomizable>
  </bot_botcomponent>
</bot_botcomponentset>