<botcomponent_workflowset>
  <botcomponent_workflow botcomponentid.schemaname="new_topic_17db1de9bdb44723a8f77b11e8da179c" workflowid.workflowid="22eb6909-d2da-ed11-a7c7-0022489e7d7f">
    <iscustomizable>1</iscustomizable>
  </botcomponent_workflow>
  <botcomponent_workflow botcomponentid.schemaname="new_topic_bb8e7113dea341869c00a5cfb6570747" workflowid.workflowid="2df240f7-d4f0-ed11-8848-000d3a69dce2">
    <iscustomizable>1</iscustomizable>
  </botcomponent_workflow>
  <botcomponent_workflow botcomponentid.schemaname="new_topic_eda9da802e6f480daf38e787eb8f1889" workflowid.workflowid="d89289e1-b4b9-ed11-83ff-0022489e7d7f">
    <iscustomizable>1</iscustomizable>
  </botcomponent_workflow>
</botcomponent_workflowset>