{
  "intents": [
    {
      "dialogId": "new_topic_3398378841be4d01be35e8082b7edff5",
      "isTriggeringEnabled": true,
      "id": "new_topic_3398378841be4d01be35e8082b7edff5",
      "displayName": "[LAB] Gravação de reuniões - Agendamento",
      "createdTime": "2023-03-10T17:52:16.0185774Z",
      "updatedTime": "2023-03-10T17:52:16.0185774Z",
      "createdUserId": "cecb1e9b-dffe-454a-b89c-70426bcaace0",
      "updatedUserId": "cecb1e9b-dffe-454a-b89c-70426bcaace0"
    }
  ],
  "dialogs": [
    {
      "rootNodeId": "12284897-e18e-48f3-b7a1-b4bc3928114a",
      "messageNodes": [
        {
          "botMessageId": "cf47e8a3-c10e-40e9-9cbf-fdd9237ebd2f",
          "nodeType": "BotMessageNode",
          "id": "12284897-e18e-48f3-b7a1-b4bc3928114a"
        }
      ],
      "id": "new_topic_3398378841be4d01be35e8082b7edff5",
      "displayName": "Sem título",
      "createdTime": "2023-03-10T17:52:16.0185774Z",
      "updatedTime": "2023-03-10T17:52:16.0185774Z",
      "createdUserId": "cecb1e9b-dffe-454a-b89c-70426bcaace0",
      "updatedUserId": "cecb1e9b-dffe-454a-b89c-70426bcaace0"
    }
  ],
  "botMessages": [
    {
      "channelContent": {
        "web": {
          "contentFormat": "Markdown",
          "content": "OK, escolha um horario"
        }
      },
      "id": "cf47e8a3-c10e-40e9-9cbf-fdd9237ebd2f",
      "createdTime": "2023-03-10T17:51:13.65Z",
      "updatedTime": "2023-03-10T17:51:13.65Z"
    }
  ]
}