<ImportExportXml xmlns:xsi="http://www.w3.org/2001/XMLSchema-instance">
  <Entities></Entities>
  <Roles></Roles>
  <Workflows>
    <Workflow WorkflowId="{2df240f7-d4f0-ed11-8848-000d3a69dce2}" Name="Chamar Imagem no chat" Description="Chame este fluxo do Power Virtual Agents.">
      <JsonFileName>/Workflows/ChamarImagemnochat-2DF240F7-D4F0-ED11-8848-000D3A69DCE2.json</JsonFileName>
      <Type>1</Type>
      <Subprocess>0</Subprocess>
      <Category>5</Category>
      <Mode>0</Mode>
      <Scope>4</Scope>
      <OnDemand>0</OnDemand>
      <TriggerOnCreate>0</TriggerOnCreate>
      <TriggerOnDelete>0</TriggerOnDelete>
      <AsyncAutodelete>0</AsyncAutodelete>
      <SyncWorkflowLogOnFailure>0</SyncWorkflowLogOnFailure>
      <StateCode>1</StateCode>
      <StatusCode>2</StatusCode>
      <RunAs>1</RunAs>
      <IsTransacted>1</IsTransacted>
      <IntroducedVersion>1.0.0.0</IntroducedVersion>
      <IsCustomizable>1</IsCustomizable>
      <BusinessProcessType>0</BusinessProcessType>
      <PrimaryEntity>none</PrimaryEntity>
      <LocalizedNames>
        <LocalizedName languagecode="1033" description="Chamar Imagem no chat" />
        <LocalizedName languagecode="1046" description="Chamar Imagem no chat" />
      </LocalizedNames>
      <Descriptions>
        <Description languagecode="1033" description="Chame este fluxo do Power Virtual Agents." />
        <Description languagecode="1046" description="Chame este fluxo do Power Virtual Agents." />
      </Descriptions>
    </Workflow>
    <Workflow WorkflowId="{d89289e1-b4b9-ed11-83ff-0022489e7d7f}" Name="Criar equipe Teams" Description="Call this flow from Power Virtual Agents.">
      <JsonFileName>/Workflows/CriarequipeTeams-D89289E1-B4B9-ED11-83FF-0022489E7D7F.json</JsonFileName>
      <Type>1</Type>
      <Subprocess>0</Subprocess>
      <Category>5</Category>
      <Mode>0</Mode>
      <Scope>4</Scope>
      <OnDemand>0</OnDemand>
      <TriggerOnCreate>0</TriggerOnCreate>
      <TriggerOnDelete>0</TriggerOnDelete>
      <AsyncAutodelete>0</AsyncAutodelete>
      <SyncWorkflowLogOnFailure>0</SyncWorkflowLogOnFailure>
      <StateCode>1</StateCode>
      <StatusCode>2</StatusCode>
      <RunAs>1</RunAs>
      <IsTransacted>1</IsTransacted>
      <IntroducedVersion>1.0.0.0</IntroducedVersion>
      <IsCustomizable>1</IsCustomizable>
      <BusinessProcessType>0</BusinessProcessType>
      <PrimaryEntity>none</PrimaryEntity>
      <LocalizedNames>
        <LocalizedName languagecode="1033" description="Criar equipe Teams" />
      </LocalizedNames>
      <Descriptions>
        <Description languagecode="1033" description="Call this flow from Power Virtual Agents." />
      </Descriptions>
    </Workflow>
    <Workflow WorkflowId="{22eb6909-d2da-ed11-a7c7-0022489e7d7f}" Name="DISCOT" Description="Chame este fluxo do Power Virtual Agents.">
      <JsonFileName>/Workflows/DISCOT-22EB6909-D2DA-ED11-A7C7-0022489E7D7F.json</JsonFileName>
      <Type>1</Type>
      <Subprocess>0</Subprocess>
      <Category>5</Category>
      <Mode>0</Mode>
      <Scope>4</Scope>
      <OnDemand>0</OnDemand>
      <TriggerOnCreate>0</TriggerOnCreate>
      <TriggerOnDelete>0</TriggerOnDelete>
      <AsyncAutodelete>0</AsyncAutodelete>
      <SyncWorkflowLogOnFailure>0</SyncWorkflowLogOnFailure>
      <StateCode>1</StateCode>
      <StatusCode>2</StatusCode>
      <RunAs>1</RunAs>
      <IsTransacted>1</IsTransacted>
      <IntroducedVersion>1.0.0.0</IntroducedVersion>
      <IsCustomizable>1</IsCustomizable>
      <BusinessProcessType>0</BusinessProcessType>
      <PrimaryEntity>none</PrimaryEntity>
      <LocalizedNames>
        <LocalizedName languagecode="1033" description="DISCOT" />
        <LocalizedName languagecode="1046" description="DISCOT" />
      </LocalizedNames>
      <Descriptions>
        <Description languagecode="1033" description="Chame este fluxo do Power Virtual Agents." />
        <Description languagecode="1046" description="Chame este fluxo do Power Virtual Agents." />
      </Descriptions>
    </Workflow>
    <Workflow WorkflowId="{1b0758b1-e2ae-ed11-aad0-0022489e7d7f}" Name="Modelo de Fluxo do Power Virtual Agents" Description="Chame este fluxo do Power Virtual Agents.">
      <JsonFileName>/Workflows/ModelodeFluxodoPowerVirtualAgents-1B0758B1-E2AE-ED11-AAD0-0022489E7D7F.json</JsonFileName>
      <Type>1</Type>
      <Subprocess>0</Subprocess>
      <Category>5</Category>
      <Mode>0</Mode>
      <Scope>4</Scope>
      <OnDemand>0</OnDemand>
      <TriggerOnCreate>0</TriggerOnCreate>
      <TriggerOnDelete>0</TriggerOnDelete>
      <AsyncAutodelete>0</AsyncAutodelete>
      <SyncWorkflowLogOnFailure>0</SyncWorkflowLogOnFailure>
      <StateCode>1</StateCode>
      <StatusCode>2</StatusCode>
      <RunAs>1</RunAs>
      <IsTransacted>1</IsTransacted>
      <IntroducedVersion>1.0.0.0</IntroducedVersion>
      <IsCustomizable>1</IsCustomizable>
      <BusinessProcessType>0</BusinessProcessType>
      <PrimaryEntity>none</PrimaryEntity>
      <LocalizedNames>
        <LocalizedName languagecode="1033" description="Modelo de Fluxo do Power Virtual Agents" />
      </LocalizedNames>
      <Descriptions>
        <Description languagecode="1033" description="Chame este fluxo do Power Virtual Agents." />
      </Descriptions>
    </Workflow>
  </Workflows>
  <FieldSecurityProfiles></FieldSecurityProfiles>
  <Templates />
  <EntityMaps />
  <EntityRelationships />
  <OrganizationSettings />
  <optionsets />
  <CustomControls />
  <EntityDataProviders />
  <connectionreferences>
    <connectionreference connectionreferencelogicalname="crc7b_sharedoffice365_c5a79">
      <connectionreferencedisplayname>Office 365 Outlook Cr57c72-c5a79</connectionreferencedisplayname>
      <connectorid>/providers/Microsoft.PowerApps/apis/shared_office365</connectorid>
      <iscustomizable>1</iscustomizable>
      <statecode>0</statecode>
      <statuscode>1</statuscode>
    </connectionreference>
    <connectionreference connectionreferencelogicalname="crc7b_sharedpowervirtualagents_75267">
      <connectionreferencedisplayname>Power Virtual Agents Cr57c72-75267</connectionreferencedisplayname>
      <connectorid>/providers/Microsoft.PowerApps/apis/shared_powervirtualagents</connectorid>
      <iscustomizable>1</iscustomizable>
      <statecode>0</statecode>
      <statuscode>1</statuscode>
    </connectionreference>
    <connectionreference connectionreferencelogicalname="crc7b_sharedteams_89d3d">
      <connectionreferencedisplayname>Microsoft Teams Cr57c72-89d3d</connectionreferencedisplayname>
      <connectorid>/providers/Microsoft.PowerApps/apis/shared_teams</connectorid>
      <iscustomizable>1</iscustomizable>
      <statecode>0</statecode>
      <statuscode>1</statuscode>
    </connectionreference>
  </connectionreferences>
  <Languages>
    <Language>1033</Language>
    <Language>1046</Language>
  </Languages>
</ImportExportXml>