<ImportExportXml version="9.2.23042.198" SolutionPackageVersion="9.2" languagecode="1033" generatedBy="CrmLive" xmlns:xsi="http://www.w3.org/2001/XMLSchema-instance">
  <SolutionManifest>
    <UniqueName>ExportComponents46d1205c36f34d9db99b2ad8615ae7cf</UniqueName>
    <LocalizedNames>
      <LocalizedName description="ExportComponents46d1205c36f34d9db99b2ad8615ae7cf" languagecode="1033" />
      <LocalizedName description="ExportComponents46d1205c36f34d9db99b2ad8615ae7cf" languagecode="1046" />
    </LocalizedNames>
    <Descriptions />
    <Version>1.0</Version>
    <Managed>0</Managed>
    <Publisher>
      <UniqueName>Cr407b3</UniqueName>
      <LocalizedNames>
        <LocalizedName description="CDS Default Publisher" languagecode="1033" />
      </LocalizedNames>
      <Descriptions />
      <EMailAddress xsi:nil="true"></EMailAddress>
      <SupportingWebsiteUrl xsi:nil="true"></SupportingWebsiteUrl>
      <CustomizationPrefix>crc7b</CustomizationPrefix>
      <CustomizationOptionValuePrefix>33856</CustomizationOptionValuePrefix>
    </Publisher>
    <RootComponents>
      <RootComponent type="29" id="{1b0758b1-e2ae-ed11-aad0-0022489e7d7f}" behavior="0" />
      <RootComponent type="29" id="{22eb6909-d2da-ed11-a7c7-0022489e7d7f}" behavior="0" />
      <RootComponent type="29" id="{2df240f7-d4f0-ed11-8848-000d3a69dce2}" behavior="0" />
      <RootComponent type="29" id="{d89289e1-b4b9-ed11-83ff-0022489e7d7f}" behavior="0" />
    </RootComponents>
    <MissingDependencies />
  </SolutionManifest>
</ImportExportXml>