{
  "namedEntities": [
    {
      "synonyms": [
        "home"
      ],
      "id": "ff0ca6dd-de7a-4bee-b849-16210d63f3c5",
      "displayName": "Usuário Doméstico",
      "updatedTime": "2023-02-17T16:40:49.8190792Z",
      "updatedUserId": "cecb1e9b-dffe-454a-b89c-70426bcaace0"
    },
    {
      "synonyms": [
        "gaming"
      ],
      "id": "2ccf421b-89a6-43a8-8b4f-b8d8f63b58bf",
      "displayName": "Jogador",
      "updatedTime": "2023-02-17T16:40:49.8190792Z",
      "updatedUserId": "cecb1e9b-dffe-454a-b89c-70426bcaace0"
    },
    {
      "synonyms": [
        "business"
      ],
      "id": "2d32734c-9552-47c5-963b-563fe1d9ea7e",
      "displayName": "Usuário Empresarial",
      "updatedTime": "2023-02-17T16:40:49.8190792Z",
      "updatedUserId": "cecb1e9b-dffe-454a-b89c-70426bcaace0"
    }
  ],
  "closedListTypes": [
    {
      "namedEntities": [
        "ff0ca6dd-de7a-4bee-b849-16210d63f3c5",
        "2ccf421b-89a6-43a8-8b4f-b8d8f63b58bf",
        "2d32734c-9552-47c5-963b-563fe1d9ea7e"
      ],
      "smartMatchingEnabled": true,
      "customTypeSchema": "ClosedList",
      "id": "new_customtype_9e5bf14c50d64fcc8ffef0191e2c16ba_f86fcadfd497444e91ed11c12b059d10",
      "displayName": "Tipo de Uso",
      "description": "Entidade Tipo de Uso da Lição 4",
      "createdTime": "2019-10-25T14:03:43.9601778Z",
      "updatedTime": "2023-02-17T16:40:49.8190792Z",
      "createdUserId": "user0",
      "updatedUserId": "cecb1e9b-dffe-454a-b89c-70426bcaace0"
    }
  ]
}